Number,Theme,Subtheme,Year,Set name,Minifigs,Pieces,RRP (GBP),RRP (USD),RRP (CAD),RRP (EUR),EAN,UPC,Width,Height,Depth,Weight,Notes,Qty owned,Qty owned new,Qty owned used,Wanted,Qty wanted,Priority,,,,,,,,,Value new (USD),Value used (USD),Launch date,Exit date
3420-1,Sports,Football,2002,Championship Challenge II,12,388,39.99,50,,,5.70201E+12,6.73419E+11,48,28.8,7.2,,,0,0,0,,0,0,,,,,,,,,100,80,1/1/2002,31/12/2005
3420-3,Sports,Football,2002,Championship Challenge II (L'Equipe de France Edition),12,341,,,,,,,48,28.8,7.2,,,0,0,0,,0,0,,,,,,,,,322.01,116.9,1/1/2002,31/12/2005
3423-1,Sports,Football,2002,Freekick Frenzy,2,54,7.99,10,,,,6.73419E+11,19.2,14.4,6,,,0,0,0,,0,0,,,,,,,,,22,5.64,1/1/2002,30/06/2004
4582-1,Racers,Drome Racers,2002,Red Bullet,1,29,2.99,4,,,5.70201E+12,,9.6,14.4,4.8,,,0,0,0,,0,0,,,,,,,,,6.64,1.37,1/1/2002,31/12/2003
4583-1,Racers,Drome Racers,2002,Maverick Storm,1,38,2.99,4,,,5.70201E+12,,9.6,14.4,4.8,,,0,0,0,,0,0,,,,,,,,,8.99,4.35,1/1/2002,31/12/2002
4584-1,Racers,Drome Racers,2002,Hot Scorcher,1,57,7.99,10,,,5.70201E+12,6.73419E+11,24,14.4,4.8,,,0,0,0,,0,0,,,,,,,,,18.44,6.5,1/1/2002,31/12/2003
4585-1,Racers,Drome Racers,2002,Nitro Pulverizer,1,60,7.99,10,,,5.70201E+12,6.73419E+11,24,14.4,6,,,0,0,0,,0,0,,,,,,,,,27.1,4.38,1/1/2002,31/12/2003
4590-1,Racers,Drome Racers,2002,Flash Turbo,1,26,2.99,4,,,,6.73419E+11,14.4,9.6,3.9,,,0,0,0,,0,0,,,,,,,,,10.99,3,1/1/2002,31/12/2002
4591-1,Racers,Drome Racers,2002,Star Strike,1,28,2.99,4,,,5.70201E+12,6.73419E+11,14.4,9.6,3.9,,,0,0,0,,0,0,,,,,,,,,5.6,2.15,1/1/2002,31/12/2002
4592-1,Racers,Drome Racers,2002,Red Monster,1,25,2.99,4,,,,6.73419E+11,14.4,9.6,3.9,,,0,0,0,,0,0,,,,,,,,,7.98,2.87,1/1/2002,31/12/2002
4593-1,Racers,Drome Racers,2002,Zero Hurricane and Red Blizzard,2,70,4.99,6.99,,,,,19.2,14.4,4.8,,,0,0,0,,0,0,,,,,,,,,16.57,7.53,1/1/2002,31/12/2003
4594-1,Racers,Drome Racers,2002,Maverick Sprinter & Hot Arrow,2,66,4.99,7,,,,6.73419E+11,19.2,14.4,4.8,,,0,0,0,,0,0,,,,,,,,,15,6.74,1/1/2002,31/12/2002
4711-1,Harry Potter,Philosopher's Stone,2002,Flying Lesson,2,23,2.99,4,,,,6.73419E+11,9.6,9.6,4.8,,,0,0,0,,0,0,,,,,,,,,22.33,8.49,1/1/2002,31/12/2003
4712-1,Harry Potter,Philosopher's Stone,2002,Troll on the Loose,2,71,8.99,10,,,5.70201E+12,,14.4,19.2,4.8,,,0,0,0,,0,0,,,,,,,,,86.55,25.34,1/1/2002,31/12/2003
4714-1,Harry Potter,Philosopher's Stone,2002,Gringotts Bank,4,250,24.99,30,,,5.70201E+12,6.73419E+11,28.8,28.8,6,,,0,0,0,,0,0,,,,,,,,,100,41.61,1/1/2002,31/12/2003
4790-1,Alpha Team,Mission Deep Sea,2002,Alpha Team Robot Diver,1,32,2.99,4,,,,6.73419E+11,9.6,9.6,4.8,,,0,0,0,,0,0,,,,,,,,,16.67,4.99,1/1/2002,31/12/2003
4791-1,Alpha Team,Mission Deep Sea,2002,AT Sub-Surface Scooter,1,42,4.99,7,,,,6.73419E+11,14.4,14.4,4.8,,,0,0,0,,0,0,,,,,,,,,23.84,11.1,1/1/2002,31/12/2003
4792-1,Alpha Team,Mission Deep Sea,2002,Alpha Team Navigator and ROV,1,111,7.99,10,,,5.70201E+12,6.73419E+11,19.2,14.4,4.8,,,0,0,0,,0,0,,,,,,,,,36.97,40,1/1/2002,31/12/2003
4793-1,Alpha Team,Mission Deep Sea,2002,Ogel Shark Sub,3,115,14.99,20,,,,6.73419E+11,28.8,19.2,4.8,,,0,0,0,,0,0,,,,,,,,,83.19,26.89,1/1/2002,31/12/2003
4794-1,Alpha Team,Mission Deep Sea,2002,Alpha Team Command Sub,2,189,24.99,30,,,5.70201E+12,6.73419E+11,28.8,28.8,6,,,0,0,0,,0,0,,,,,,,,,56.5,27.75,1/1/2002,31/12/2003
4795-1,Alpha Team,Mission Deep Sea,2002,Ogel Underwater Base and AT Sub,4,468,39.99,50,,,5.70201E+12,6.73419E+11,48,28.8,9.6,,,0,0,0,,0,0,,,,,,,,,158.97,48.3,1/1/2002,31/12/2003
4796-1,Alpha Team,Mission Deep Sea,2002,Ogel Mutant Squid,1,61,7.99,10,,,5.70201E+12,,19.2,14.4,4.8,,,0,0,0,,0,0,,,,,,,,,21.95,13.04,1/1/2002,31/12/2003
6762-1,Western,Cowboys,2002,Fort Legoredo,10,673,,100,,,5.70201E+12,,48,38.4,9.6,,,0,0,0,,0,0,,,,,,,,,674.21,245.23,1/1/2002,31/12/2002
6763-1,Western,Indians,2002,Rapid River Village,7,343,,70,,,5.70201E+12,,48,28.8,7.2,,,0,0,0,,0,0,,,,,,,,,508.99,217.47,1/1/2002,31/12/2003
6764-1,Western,Cowboys,2002,Sheriff's Lock-Up,4,171,,30,,,,,33.6,24,4.8,,,0,0,0,,0,0,,,,,,,,,322.42,79.72,1/1/2002,31/12/2003
7119-1,Star Wars,Episode V,2002,Twin-Pod Cloud Car,1,118,8.99,10,,,5.70201E+12,6.73419E+11,19.2,14.4,6,,,0,0,0,,0,0,,,,,,,,,52.88,16.23,1/1/2002,31/12/2003
7139-1,Star Wars,Episode VI,2002,Ewok Attack,4,121,10.99,13,,,5.70201E+12,6.73419E+11,19.2,19.2,4.8,,,0,0,0,,0,0,,,,,,,,,71.33,38.29,1/1/2002,31/12/2003
7194-1,Star Wars,Ultimate Collector Series,2002,Yoda,,1075,79.99,99.99,,,5.70201E+12,,57.6,38.4,7.2,,,0,0,0,,0,0,,,,,,,,,500,141.45,1/1/2002,31/12/2003
7200-1,Star Wars,Episode VI,2002,Final Duel I,2,29,5.99,7,,,5.70201E+12,6.73419E+11,14.4,14.4,3.9,,,0,0,0,,0,0,,,,,,,,,85.03,35.79,1/1/2002,31/12/2003
7201-1,Star Wars,Episode VI,2002,Final Duel II,3,23,5.99,7,,,5.70201E+12,6.73419E+11,14.4,14.4,3.9,,,0,0,0,,0,0,,,,,,,,,43.99,21.22,1/1/2002,31/12/2002
7203-1,Star Wars,Episode I,2002,Jedi Defense I,3,59,5.99,7,,,5.70201E+12,6.73419E+11,14.4,14.4,3.9,,,0,0,0,,0,0,,,,,,,,,52.12,27.81,1/1/2002,31/12/2003
7204-1,Star Wars,Episode I,2002,Jedi Defense II,3,53,5.99,7,,,5.70201E+12,6.73419E+11,14.4,14.4,3.9,,,0,0,0,,0,0,,,,,,,,,60,28.65,1/1/2002,31/12/2002
8009-1,Star Wars,Technic,2002,R2-D2,,240,17.99,20,,,,6.73419E+11,19.2,28.8,4.8,,,0,0,0,,0,0,,,,,,,,,91.06,23.61,1/1/2002,31/12/2003
8010-1,Star Wars,Technic,2002,Darth Vader,,391,34.99,40,,,,6.73419E+11,28.8,38.4,7.2,,,0,0,0,,0,0,,,,,,,,,83.75,47.5,1/1/2002,31/12/2003
8468-1,Racers,Drome Racers,2002,Power Crusher,,92,4.99,8,,,,1.10112E+11,19.2,14.4,6,,,0,0,0,,0,0,,,,,,,,,13.99,7.52,1/1/2002,31/12/2003
8469-1,Racers,Drome Racers,2002,Slammer Raptor,,144,7.99,10,,,,6.73419E+11,24,14.4,6,,,0,0,0,,0,0,,,,,,,,,35.48,16.21,1/1/2002,31/12/2003
8470-1,Racers,Drome Racers,2002,Slammer G-Force,,148,9.99,15,,,5.70201E+12,6.73419E+11,28.8,19.2,4.8,,,0,0,0,,0,0,,,,,,,,,40,8.83,1/1/2002,31/12/2002
8471-1,Racers,Drome Racers,2002,Nitro Burner,,119,14.99,20,,,5.70201E+12,6.73419E+11,32.4,19.2,6,,,0,0,0,,0,0,,,,,,,,,55.4,7.61,1/1/2002,31/12/2003
8550-1,Bionicle,Bohrok Va,2002,Gahlok Va,,26,1.99,2.99,,,,6.73419E+11,9.6,14.4,3.9,,,0,0,0,,0,0,,,,,,,,,16.19,9.26,1/1/2002,31/12/2002
8551-1,Bionicle,Bohrok Va,2002,Kohrak Va,,28,1.99,3,,,,67341901104,9.6,14.4,3.9,,,0,0,0,,0,0,,,,,,,,,26.78,9.88,1/1/2002,31/12/2002
8552-1,Bionicle,Bohrok Va,2002,Lehvak Va,,28,1.99,3,,,,6.73419E+11,9.6,14.4,3.9,,,0,0,0,,0,0,,,,,,,,,12,9.65,1/1/2002,31/12/2002
8553-1,Bionicle,Bohrok Va,2002,Pahrak Va,,27,1.99,3,,,,6.73419E+11,9.6,14.4,3.9,,,0,0,0,,0,0,,,,,,,,,14.42,8.55,1/1/2002,31/12/2002
8554-1,Bionicle,Bohrok Va,2002,Tahnok Va,,27,1.99,3,,,,6.73419E+11,9.6,14.4,3.9,,,0,0,0,,0,0,,,,,,,,,11.77,11.06,1/1/2002,31/12/2002
8555-1,Bionicle,Bohrok Va,2002,Nuhvok Va,,26,1.99,3,,,,6.73419E+11,9.6,14.4,3.9,,,0,0,0,,0,0,,,,,,,,,16.28,9.31,1/1/2002,31/12/2002
3739-1,Castle,My Own Creation,2002,Blacksmith Shop,2,619,29.99,40,,,,6.73419E+11,28.8,28.8,7.2,,,0,0,0,,0,0,,,,,,,,,361.25,211.25,22/01/2002,31/12/2003
3426-1,Sports,Football,2002,Adidas Team Transport,6,133,,20,,,,6.73419E+11,28.8,28.8,15.5,,,0,0,0,,0,0,,,,,,,,,48,50.49,1/2/2002,31/12/2002
10036-1,Town,Shops and Services,2002,Pizza-To-Go,3,151,,20,,,,,19.2,14.4,6,,,0,0,0,,0,0,,,,,,,,,600,65,1/2/2002,31/12/2003
4788-1,Alpha Team,Mission Deep Sea,2002,Ogel Mutant Ray,2,68,7.99,10,,,,,19.2,14.4,6,,,0,0,0,,0,0,,,,,,,,,34.99,28,15/02/2002,31/12/2002
3421-1,Sports,Football,2002,3 vs. 3 Shootout,6,225,24.99,30,,,,,28.8,28.8,6,,,0,0,0,,0,0,,,,,,,,,57.6,40,1/3/2002,31/12/2003
3422-1,Sports,Football,2002,Shoot 'n' Save,2,110,14.99,20,,,,6.73419E+11,28.8,19.2,4.8,,,0,0,0,,0,0,,,,,,,,,19.25,9.99,1/3/2002,31/12/2003
3424-1,Sports,Football,2002,Target Practice,1,37,4.99,7,,,,6.73419E+11,14.4,14.4,4.8,,,0,0,0,,0,0,,,,,,,,,15.14,10.62,1/3/2002,31/12/2003
3425-1,Sports,Football,2002,US National Team Cup Edition Set,22,548,69.99,90,,,,6.73419E+11,48,38.4,9.6,,,0,0,0,,0,0,,,,,,,,,144,99.97,1/3/2002,31/12/2002
3425-2,Sports,Football,2002,Grand Championship Cup ,22,570,,,,,,,48,38.4,9.6,,,0,0,0,,0,0,,,,,,,,,,146.09,1/3/2002,31/12/2002
4595-1,Racers,Drome Racers,2002,Zero Tornado & Hot Rock,2,71,7.99,10,,,5.70201E+12,,19.2,14.4,4.8,,,0,0,0,,0,0,,,,,,,,,16,11.77,1/3/2002,31/12/2002
4596-1,Racers,Drome Racers,2002,Storming Cobra,1,89,14.99,9.99,,,,,28.8,19.2,7.2,,,0,0,0,,0,0,,,,,,,,,32.12,13.52,1/3/2002,31/12/2002
5850-1,Belville,,2002,The Royal Crystal Palace,3,149,49.99,50,,,5.70201E+12,,57.6,48,9.6,,,0,0,0,,0,0,,,,,,,,,132.53,128.54,1/3/2002,31/12/2003
8560-1,Bionicle,Bohrok,2002,Pahrak,,41,4.99,8,,,,6.73419E+11,10.9,15.7,8.8,,,0,0,0,,0,0,,,,,,,,,52.38,13.03,1/3/2002,31/12/2002
8561-1,Bionicle,Bohrok,2002,Nuhvok,,41,4.99,8,,,5.70201E+12,6.73419E+11,10.9,15.7,8.8,,,0,0,0,,0,0,,,,,,,,,58.66,12.48,1/3/2002,31/12/2002
8562-1,Bionicle,Bohrok,2002,Gahlok,,41,4.99,8,,,5.70201E+12,6.73419E+11,10.9,15.7,8.8,,,0,0,0,,0,0,,,,,,,,,60.66,12.54,1/3/2002,31/12/2002
8563-1,Bionicle,Bohrok,2002,Tahnok,,41,4.99,8,,,,6.73419E+11,10.9,15.7,8.8,,,0,0,0,,0,0,,,,,,,,,113.88,13.78,1/3/2002,31/12/2002
8564-1,Bionicle,Bohrok,2002,Lehvak,,41,4.99,8,,,5.70201E+12,6.73419E+11,10.9,15.7,8.8,,,0,0,0,,0,0,,,,,,,,,86.98,13.75,1/3/2002,31/12/2002
8565-1,Bionicle,Bohrok,2002,Kohrak,,41,4.99,8,,,,6.73419E+11,10.9,15.7,8.8,,,0,0,0,,0,0,,,,,,,,,80,13.59,1/3/2002,31/12/2002
10037-1,Town,Shops and Services,2002,Breezeway Caf√©,5,183,,23,,,,6.73419E+11,28.8,19.2,7.2,,,0,0,0,,0,0,,,,,,,,,200,90,1/3/2002,31/12/2003
7143-1,Star Wars,Episode II,2002,Jedi Starfighter,1,138,17.99,20,,,5.70201E+12,6.73419E+11,28.8,19.2,4.8,,,0,0,0,,0,0,,,,,,,,,126.23,38.8,18/03/2002,31/12/2003
1376-1,Studios,Spider-Man,2002,Spider-Man Action Studio,5,248,24.99,30,,,,6.73419E+11,28.8,28.8,6,,,0,0,0,,0,0,,,,,,,,,130.78,49.47,1/4/2002,30/06/2003
1374-1,Studios,Spider-Man,2002,Green Goblin,2,58,4.99,7,,,,6.73419E+11,14.4,14.4,4.8,,,0,0,0,,0,0,,,,,,,,,145,54.01,23/04/2002,31/12/2003
7103-1,Star Wars,Episode II,2002,Jedi Duel,2,82,8.99,10,,,5.70201E+12,6.73419E+11,19.2,14.4,4.8,,,0,0,0,,0,0,,,,,,,,,113.16,41.61,23/04/2002,31/12/2003
7113-1,Star Wars,Episode II,2002,Tusken Raider Encounter,3,93,8.99,10,,,5.70201E+12,6.73419E+11,19.2,14.4,4.8,,,0,0,0,,0,0,,,,,,,,,86.32,31.69,23/04/2002,31/12/2003
7133-1,Star Wars,Episode II,2002,Bounty Hunter Pursuit,3,259,27.99,30,,,5.70201E+12,6.73419E+11,28.8,28.8,4.8,,,0,0,0,,0,0,,,,,,,,,353.47,168.33,23/04/2002,31/12/2003
7153-1,Star Wars,Episode II,2002,Jango Fett's Slave I,2,369,44.99,50,,,5.70201E+12,6.73419E+11,28.8,38.4,7.2,,,0,0,0,,0,0,,,,,,,,,1080,427.13,23/04/2002,31/12/2003
7163-1,Star Wars,Episode II,2002,Republic Gunship,8,686,79.99,90,,,5.70201E+12,6.73419E+11,57.6,38.4,7.2,,,0,0,0,,0,0,,,,,,,,,1000,390.77,23/04/2002,31/12/2003
8011-1,Star Wars,Technic,2002,Jango Fett,,422,29.99,30,,,5.70201E+12,,24,28.8,6,,,0,0,0,,0,0,,,,,,,,,53.48,29.9,23/04/2002,31/12/2003
8012-1,Star Wars,Technic,2002,Super Battle Droid,,379,29.99,35,,,5.70201E+12,6.73419E+11,24,33.6,4.8,,,0,0,0,,0,0,,,,,,,,,119,46.52,23/04/2002,31/12/2003
4103-1,Creator,Bucket,2002,Creator Bucket,,200,9.99,5,,,,,22.7,21.3,22.7,,,0,0,0,,0,0,,,,,,,,,25,8.55,1/5/2002,31/12/2006
10023-1,Bionicle,Accessories,2002,Bionicle Master Builder Set,,102,,12.99,,,,6.73419E+11,28.8,19.2,4.8,,,0,0,0,,0,0,,,,,,,,,60,96.71,1/5/2002,31/12/2003
10024-1,Advanced models,Aircraft,2002,Red Baron,,664,34.99,50,,,,6.73419E+11,38.4,28.8,7.2,,,0,0,0,,0,0,,,,,,,,,518.51,220.17,13/05/2002,28/02/2005
1380-1,Studios,Horror,2002,Werewolf Ambush,3,117,7.99,10,,,5.70201E+12,,19.2,14.4,4.8,,,0,0,0,,0,0,,,,,,,,,33.36,26.82,1/6/2002,31/12/2003
1381-1,Studios,Horror,2002,Vampire's Crypt,4,176,14.99,20,,,5.70201E+12,6.73419E+11,28.8,19.2,7.2,,,0,0,0,,0,0,,,,,,,,,85,62.83,1/6/2002,31/12/2003
1382-1,Studios,Horror,2002,Scary Laboratory,6,493,39.99,50,,,5.70201E+12,,38.4,28.8,6,,,0,0,0,,0,0,,,,,,,,,219.95,75.73,1/6/2002,31/12/2003
1383-1,Studios,Horror,2002,Curse of the Pharaoh,2,50,2.99,4,,,,6.73419E+11,14.4,9.6,4.8,,,0,0,0,,0,0,,,,,,,,,35.64,19.8,1/6/2002,31/12/2003
8556-1,Bionicle,Warriors,2002,Boxor,,157,12.99,15,,,,6.73419E+11,28.8,19.2,4.8,,,0,0,0,,0,0,,,,,,,,,186.2,62.8,1/6/2002,31/12/2003
8557-1,Bionicle,Warriors,2002,Exo-Toa,,378,24.99,35,,,,6.73419E+11,28.8,28.8,6,,,0,0,0,,0,0,,,,,,,,,276.13,90.02,1/6/2002,31/12/2003
8558-1,Bionicle,Warriors,2002,Cahdok and Gahdok,,636,49.99,60,,,5.70201E+12,6.73419E+11,38.4,28.8,6,,,0,0,0,,0,0,,,,,,,,,598.5,227.59,1/6/2002,31/12/2003
6731-1,Island Xtreme Stunts,,2002,Skateboarding Pepper,1,11,1.99,4,,,5.70201E+12,,9.6,14.4,3.9,,,0,0,0,,0,0,,,,,,,,,10.84,4.21,1/7/2002,1/9/2002
6732-1,Island Xtreme Stunts,,2002,Brickster's Trike,1,16,1.99,4,,,5.70201E+12,,9.6,14.4,3.9,,,0,0,0,,0,0,,,,,,,,,20.23,2.96,1/7/2002,15/08/2002
6733-1,Island Xtreme Stunts,,2002,Snap's Cruiser,1,19,1.99,4,,,,6.73419E+11,9.6,14.4,3.9,,,0,0,0,,0,0,,,,,,,,,9.46,3.43,1/7/2002,15/08/2002
6734-1,Island Xtreme Stunts,,2002,Beach Cruisers,2,53,4.99,7,,,,6.73419E+11,14.4,14.4,4.8,,,0,0,0,,0,0,,,,,,,,,14.8,5.99,1/7/2002,31/12/2003
6735-1,Island Xtreme Stunts,,2002,Air Chase,2,85,7.99,10,,,5.70201E+12,,19.2,14.4,4.8,,,0,0,0,,0,0,,,,,,,,,16.3,7.95,1/7/2002,31/12/2003
6736-1,Island Xtreme Stunts,,2002,Beach Lookout,2,87,9.99,13,,,5.70201E+12,,19.2,19.2,6,,,0,0,0,,0,0,,,,,,,,,20,12.72,1/7/2002,31/12/2003
6737-1,Island Xtreme Stunts,,2002,Wake Rider,2,93,9.99,13,,,5.70201E+12,,19.2,19.2,6,,,0,0,0,,0,0,,,,,,,,,20,14.86,1/7/2002,31/12/2003
6738-1,Island Xtreme Stunts,,2002,Skateboard Challenge,3,108,14.99,20,,,,6.73419E+11,28.8,19.2,6,,,0,0,0,,0,0,,,,,,,,,42.63,26.16,1/7/2002,31/12/2003
6739-1,Island Xtreme Stunts,,2002,Truck & Stunt Trikes,3,199,24.99,30,,,,6.73419E+11,28.8,28.8,6,,,0,0,0,,0,0,,,,,,,,,53.43,24.74,1/7/2002,31/12/2003
6740-1,Island Xtreme Stunts,,2002,Xtreme Tower,6,330,39.99,50,,,,6.73419E+11,48,28.8,7.2,,,0,0,0,,0,0,,,,,,,,,109.06,82.51,1/7/2002,31/12/2003
10075-1,Studios,Spider-Man,2002,Spider-Man Action Pack,,25,,7,,,,6.73419E+11,19.2,14.4,4.8,,,0,0,0,,0,0,,,,,,,,,551.77,39,1/8/2002,31/12/2003
10153-1,Trains,9V,2002,Train Motor 9 V,,3,22.49,24.99,,,,6.73419E+11,9.5,9.7,4.8,,,0,0,0,,0,0,,,,,,,,,121.32,87.3,1/8/2002,31/12/2007
10205-1,Trains,9V,2002,"Large Train Engine with Tender, Black ",,232,,,,,,,28.8,19.2,6,,,0,0,0,,0,0,,,,,,,,,232.29,131.23,1/8/2002,31/12/2003
4534-1,Trains,9V,2002,LEGO Express,,456,,160,,,,6.73419E+11,57.6,38.4,11.4,,,0,0,0,,0,0,,,,,,,,,642.99,300,1/9/2002,31/12/2002
4535-1,Trains,9V,2002,LEGO Express Deluxe,,762,,170,,,,6.73419E+11,57.6,38.4,11.4,,,0,0,0,,0,0,,,,,,,,,770,340,1/9/2002,31/12/2002
4586-1,Racers,Drome Racers,2002,Stunt Race Track,1,168,14.99,20,,,,,28.8,28.8,6,,,0,0,0,,0,0,,,,,,,,,72.22,21.25,1/9/2002,31/12/2003
4587-1,Racers,Drome Racers,2002,Duel Racers,2,195,29.99,40,,,,6.73419E+11,38.4,28.8,6,,,0,0,0,,0,0,,,,,,,,,135,17.5,1/9/2002,31/12/2003
4588-1,Racers,Drome Racers,2002,Off-Road Race Track,2,359,39.99,50,,,,6.73419E+11,48,28.8,9.6,,,0,0,0,,0,0,,,,,,,,,105.08,35,1/9/2002,31/12/2003
4589-1,Racers,Drome Racers,2002,RC Nitro Flash,1,136,49.99,70,,,,,38.4,38.4,9.6,,,0,0,0,,0,0,,,,,,,,,160,58,1/9/2002,31/12/2003
4798-1,Alpha Team,Mission Deep Sea,2002,Evil Ogel Attack,1,20,1.99,3,,,5.70201E+12,6.73419E+11,9.6,14.4,3.9,,,0,0,0,,0,0,,,,,,,,,8.65,5.27,1/9/2002,1/12/2002
4800-1,Alpha Team,Mission Deep Sea,2002,AT Jet Sub,1,21,1.99,3,,,,6.73419E+11,9.6,14.4,3.9,,,0,0,0,,0,0,,,,,,,,,9.86,4.64,1/9/2002,1/12/2002
5871-1,Belville,,2002,Riding Stables,3,148,,,,,,,48,28.8,7.2,,,0,0,0,,0,0,,,,,,,,,140.35,55.38,1/9/2002,31/12/2002
6636-1,Town,Police,2002,Command Post Central,7,273,,65,,,5.70201E+12,,48,38.4,7.2,,,0,0,0,,0,0,,,,,,,,,149.5,54.69,1/9/2002,31/12/2002
8429-1,Technic,,2002,Helicopter,,147,,,,,,,19.2,19.2,6,,,0,0,0,,0,0,,,,,,,,,45.75,5.62,1/9/2002,31/12/2002
8430-1,Technic,,2002,Mag Wheel Master,,318,,35,,,,,28.8,28.8,6,,,0,0,0,,0,0,,,,,,,,,96.5,28.68,1/9/2002,31/12/2003
8431-1,Technic,,2002,Pneumatic Crane Truck,,862,,85,,,,,48,38.4,7.2,,,0,0,0,,0,0,,,,,,,,,150,100.84,1/9/2002,31/12/2002
8461-1,Racers,Williams F1,2002,Williams F1 Team Racer,,1484,99.99,129.99,,,5.70201E+12,,65.2,43.2,9.6,,,0,0,0,,0,0,,,,,,,,,741.3,255.84,1/9/2002,31/12/2003
8472-1,Racers,Drome Racers,2002,Street 'n' Mud Racer,,347,49.99,69.99,,,5.70201E+12,,38.4,38.4,7.2,,,0,0,0,,0,0,,,,,,,,,106.26,32.24,1/9/2002,31/12/2003
8473-1,Racers,Drome Racers,2002,Nitro Race Team,,500,39.99,50,,,5.70201E+12,6.73419E+11,48,28.8,6,,,0,0,0,,0,0,,,,,,,,,79.99,36.99,1/9/2002,31/12/2003
8475-1,Racers,Drome Racers,2002,RC Race Buggy,,283,79.99,130,,,5.70201E+12,6.73419E+11,57.6,48,7.2,,,0,0,0,,0,0,,,,,,,,,,219.34,1/9/2002,31/12/2003
8566-1,Bionicle,Toa Nuva,2002,Onua Nuva,,41,4.99,8,,,5.70201E+12,,8.8,18.4,8.8,,,0,0,0,,0,0,,,,,,,,,66.27,11.33,1/9/2002,31/12/2003
8567-1,Bionicle,Toa Nuva,2002,Lewa Nuva,,37,4.99,8,,,,6.73419E+11,8.8,18.4,8.8,,,0,0,0,,0,0,,,,,,,,,65,11.14,1/9/2002,31/12/2003
8568-1,Bionicle,Toa Nuva,2002,Pohatu Nuva,,40,4.99,8,,,,6.73419E+11,8.8,18.4,8.8,,,0,0,0,,0,0,,,,,,,,,63.63,10.32,1/9/2002,31/12/2003
8570-1,Bionicle,Toa Nuva,2002,Gali Nuva,,44,4.99,8,,,5.70201E+12,6.73419E+11,8.8,18.4,8.8,,,0,0,0,,0,0,,,,,,,,,85,11.92,1/9/2002,31/12/2003
8571-1,Bionicle,Toa Nuva,2002,Kopaka Nuva,,42,4.99,8,,,5.70201E+12,6.73419E+11,8.8,18.4,8.8,,,0,0,0,,0,0,,,,,,,,,125,15.36,1/9/2002,31/12/2003
8572-1,Bionicle,Toa Nuva,2002,Tahu Nuva,,36,4.99,8,,,,6.73419E+11,8.8,18.4,8.8,,,0,0,0,,0,0,,,,,,,,,156.51,15.77,1/9/2002,31/12/2003
10020-1,Trains,9V,2002,Santa Fe Super Chief (not limited edition),2,435,26.99,40,,,,6.73419E+11,28.8,19.2,7.2,,,0,0,0,,0,0,,,,,,,,,397.71,277.37,1/9/2002,31/07/2005
10020-2,Trains,9V,2002,Santa Fe Super Chief (limited edition version),2,435,26.99,40,,,,6.73419E+11,28.8,19.2,7.2,,,0,0,0,,0,0,,,,,,,,,800.06,,1/9/2002,31/07/2005
10025-1,Trains,9V,2002,Santa Fe Cars - Set I,,326,24.99,35,,,,6.73419E+11,28.8,19.2,7.2,,,0,0,0,,0,0,,,,,,,,,356.75,326.25,1/9/2002,31/07/2005
10022-1,Trains,9V,2002,Santa Fe Cars - Set II,,411,26.99,35,,,,6.73419E+11,28.8,19.2,7.2,,,0,0,0,,0,0,,,,,,,,,459.33,338.91,9/9/2002,31/07/2005
4726-1,Harry Potter,Chamber of Secrets,2002,Quidditch Practice,3,128,11.99,13,,,5.70201E+12,6.73419E+11,19.2,19.2,6,,,0,0,0,,0,0,,,,,,,,,62.22,17.47,20/09/2002,31/12/2004
4727-1,Harry Potter,Chamber of Secrets,2002,Aragog in the Dark Forest,2,178,17.99,20,,,5.70201E+12,6.73419E+11,28.8,19.2,4.8,,,0,0,0,,0,0,,,,,,,,,19.23,22.74,20/09/2002,31/12/2003
4728-1,Harry Potter,Chamber of Secrets,2002,Escape from Privet Drive,3,278,24.99,30,,,5.70201E+12,6.73419E+11,28.8,28.8,6,,,0,0,0,,0,0,,,,,,,,,97,48.53,20/09/2002,31/12/2004
4729-1,Harry Potter,Chamber of Secrets,2002,Dumbledore's Office,3,446,44.99,50,,,5.70201E+12,6.73419E+11,28.8,38.4,7.2,,,0,0,0,,0,0,,,,,,,,,87.68,61.52,20/09/2002,31/12/2004
4730-1,Harry Potter,Chamber of Secrets,2002,The Chamber of Secrets,5,591,59.99,70,,,5.70201E+12,6.73419E+11,48,38.4,7.2,,,0,0,0,,0,0,,,,,,,,,280.56,126.52,20/09/2002,31/12/2003
4731-1,Harry Potter,Chamber of Secrets,2002,Dobby's Release,2,70,5.99,7,,,5.70201E+12,6.73419E+11,14.4,14.4,4.8,,,0,0,0,,0,0,,,,,,,,,26.64,15.19,20/09/2002,31/12/2003
4733-1,Harry Potter,Chamber of Secrets,2002,The Dueling Club,4,129,17.99,20,,,5.70201E+12,6.73419E+11,28.8,19.2,6,,,0,0,0,,0,0,,,,,,,,,43.11,26.63,20/09/2002,31/12/2003
4735-1,Harry Potter,Chamber of Secrets,2002,Slytherin,3,90,8.99,10,,,5.70201E+12,6.73419E+11,19.2,14.4,4.8,,,0,0,0,,0,0,,,,,,,,,64.72,20.88,20/09/2002,31/12/2003
7142-1,Star Wars,Episode IV,2002,X-wing Fighter,4,267,,30,,,5.70201E+12,,33.6,24,6,,,0,0,0,,0,0,,,,,,,,,249.99,106.2,1/10/2002,31/12/2002
7152-1,Star Wars,Episode IV,2002,TIE Fighter & Y-wing,3,410,,50,,,,42884071516,43.2,28.8,6,,,0,0,0,,0,0,,,,,,,,,196.39,136.2,1/10/2002,31/12/2002
9785-1,Education,,2002,Robo Technology Set with Serial Transmitter,,219,127.87,150,,,,,38.4,30.8,12,,,0,0,0,,0,0,,,,,,,,,282.45,113.57,1/10/2002,31/12/2007
9786-1,Education,,2002,Robo Technology Set with USB Transmitter,,217,127.87,150,,,,,38.4,30.8,12,,,0,0,0,,0,0,,,,,,,,,100.3,134.68,1/10/2002,31/12/2009
10026-1,Star Wars,Ultimate Collector Series,2002,Special Edition Naboo Starfighter,,187,,39.99,,,,6.73419E+11,28.8,28.8,6,,,0,0,0,,0,0,,,,,,,,,876.64,375.43,1/10/2002,31/12/2002
10068-1,Seasonal,Christmas,2002,Santa,,39,,2.5,,,,6.73419E+11,14,14,1,,,0,0,0,,0,0,,,,,,,,,8.48,5.76,1/10/2002,31/12/2005
10039-1,Castle,Black Falcons,2002,Black Falcon's Fortress,6,426,,40,,,,6.73419E+11,28.8,28.8,7.2,,,0,0,0,,0,0,,,,,,,,,462.5,289.57,21/10/2002,31/12/2003
10040-1,Pirates,,2002,Black Seas Barracuda,8,906,,90,,,,6.73419E+11,57.6,38.4,7.2,,,0,0,0,,0,0,,,,,,,,,1361.31,344.95,21/10/2002,31/12/2003
10030-1,Star Wars,Ultimate Collector Series,2002,Imperial Star Destroyer,,3096,249.99,269.99,,,,6.73419E+11,59.3,51,21.2,,,0,0,0,,0,0,,,,,,,,,2467.66,1056.19,6/12/2002,31/12/2007
1149-1,Town,Special,2002,Air Police,,24,,3,,,,,,,,,,0,0,0,,0,0,,,,,,,,,7.5,7.12,,
1359-1,Promotional,LEGOLAND,2002,Audi TT Roadster ,,57,,,,,,,,,,,,0,0,0,,0,0,,,,,,,,,,,,
1384-1,Explore,Imagination,2002,Bird,,6,,,,,,,,,,,,0,0,0,,0,0,,,,,,,,,3.49,,,
1425-1,Alpha Team,Mission Deep Sea,2002,Alpha Team Jet Sub,1,22,,,,,,,,,,,,0,0,0,,0,0,,,,,,,,,12.57,,,
1426-1,Alpha Team,Mission Deep Sea,2002,Alpha Team Wing Diver,1,21,,,,,,,,,,,,0,0,0,,0,0,,,,,,,,,25,,,
1427-1,Alpha Team,Mission Deep Sea,2002,Ogel Underwater Slizer,1,21,,,,,,,,,,,,0,0,0,,0,0,,,,,,,,,16.26,,,
1428-1,Sports,Football,2002,Kick 'n' Score,1,23,,,,,,,,,,,,0,0,0,,0,0,,,,,,,,,16,3.22,,
1429-1,Sports,Football,2002,Goalkeeper Training,1,23,,,,,,,,,,,,0,0,0,,0,0,,,,,,,,,16,1.83,,
1430-1,Sports,Football,2002,Precision Training,1,16,,,,,,,,,,,,0,0,0,,0,0,,,,,,,,,16,1.31,,
1435-1,Jack Stone,,2002,Super Glider,1,7,,,,,,,,,,,,0,0,0,,0,0,,,,,,,,,23.41,,,
1436-1,Jack Stone,,2002,Ultralight Flyer,1,15,,,,,,,,,,,,0,0,0,,0,0,,,,,,,,,5.97,,,
1437-1,Jack Stone,,2002,Turbo Chopper,1,13,,,,,,,,,,,,0,0,0,,0,0,,,,,,,,,8.26,,,
3278-1,Duplo,Bob the Builder,2002,Wallpaper Wendy,1,9,4.99,5,,,,,,,,,,0,0,0,,0,0,,,,,,,,,6.92,2.51,,
3279-1,Duplo,Bob the Builder,2002,Bob at Work,1,11,4.99,5,,,,,,,,,,0,0,0,,0,0,,,,,,,,,19.68,6.43,,
3281-1,Duplo,Bob the Builder,2002,Naughty Spud,1,9,4.99,5,,,,,,,,,,0,0,0,,0,0,,,,,,,,,11.02,4.51,,
3282-1,Duplo,Bob the Builder,2002,Clock Tower Bob,1,49,22.99,20,,,,,,,,,,0,0,0,,0,0,,,,,,,,,31.8,9.51,,
3283-1,Duplo,Bob the Builder,2002,Dizzy's Birdwatch,3,44,24.99,30,,,,,,,,,,0,0,0,,0,0,,,,,,,,,65.52,32,,
3325-1,Explore,Logic,2002,Intelligent Train Deluxe Set,4,90,89.99,100,,,,,,,,,,0,0,0,,0,0,,,,,,,,,190.79,107.33,,
3326-1,Explore,Logic,2002,Intelligent Train Cargo,1,14,24.99,25,,,,,,,,,,0,0,0,,0,0,,,,,,,,,62.95,36.05,,
3327-1,Explore,Logic,2002,Intelligent Train Station,2,26,24.99,25,,,,,,,,,,0,0,0,,0,0,,,,,,,,,85.88,116.72,,
3334-1,Explore,Logic,2002,Intelligent Train Tunnel,,10,12.99,13,,,,,,,,,,0,0,0,,0,0,,,,,,,,,22.52,37.56,,
3335-1,Explore,Logic,2002,Intelligent Train Starter Set,3,25,49.99,50,,,,,,,,,,0,0,0,,0,0,,,,,,,,,136.8,57.84,,
3361-1,Explore,Imagination,2002,Music Twister,,4,22.99,30,,,,,,,,,,0,0,0,,0,0,,,,,,,,,15,24.55,,
3362-1,Explore,Imagination,2002,Music Tapper,,4,24.99,30,,,,,,,,,,0,0,0,,0,0,,,,,,,,,19.4,17.58,,
3363-1,Explore,Imagination,2002,Music Roller,,4,24.99,35,,,,,,,,,,0,0,0,,0,0,,,,,,,,,,27.22,,
3364-1,Explore,Imagination,2002,Music Composer,,7,29.99,50,,,,,,,,,,0,0,0,,0,0,,,,,,,,,87.03,16.32,,
3370-1,Explore,Imagination,2002,Music Extras,,6,9.99,8,,,,,,,,,,0,0,0,,0,0,,,,,,,,,7,9.34,,
3371-1,Explore,Imagination,2002,Music Extras,,4,9.99,8,,,,,,,,,,0,0,0,,0,0,,,,,,,,,,,,
3404-2,Sports,Football,2002,Black Team Transport (With LEGO Football),,127,,,,,,,,,,,,0,0,0,,0,0,,,,,,,,,,,,
3509-1,Explore,Imagination,2002,Brickbuster Super Truck,,41,19.99,20,,,,,,,,,,0,0,0,,0,0,,,,,,,,,,,,
3605-2,Explore,Together,2002,Birthday Party,2,8,4.99,4,,,,,,,,,,0,0,0,,0,0,,,,,,,,,22,,,
3606-1,Explore,Together,2002,Go-Kart Transport,1,4,4.99,4,,,,,,,,,,0,0,0,,0,0,,,,,,,,,,,,
3607-1,Explore,Together,2002,Police Action,1,7,4.99,4,,,,,,,,,,0,0,0,,0,0,,,,,,,,,13.63,,,
3608-1,Explore,Together,2002,Playground,4,19,17.99,,,,,,,,,,,0,0,0,,0,0,,,,,,,,,45.69,35,,
3609-1,Explore,Together,2002,Beach House,1,8,4.99,,,,,,,,,,,0,0,0,,0,0,,,,,,,,,50.08,21.09,,
3610-1,Explore,Together,2002,Campsite,1,8,4.99,6,,,,,,,,,,0,0,0,,0,0,,,,,,,,,18.48,11.78,,
3611-1,Explore,Together,2002,Road Worker Truck,1,13,9.99,10,,,,,,,,,,0,0,0,,0,0,,,,,,,,,24.53,13.21,,
3612-1,Explore,Logic,2002,Wild Animals,2,33,29.99,20,,,,,,,,,,0,0,0,,0,0,,,,,,,,,59.38,17,,
3613-1,Explore,Logic,2002,Fire Rescue,2,20,17.99,18,,,,,,,,,,0,0,0,,0,0,,,,,,,,,30.19,24.75,,
3614-1,Explore,Logic,2002,Racing,3,33,29.99,25,,,,,,,,,,0,0,0,,0,0,,,,,,,,,30.65,,,
3615-2,Explore,Imagination,2002,Theatre Stories,5,45,34.99,30,,,,,,,,,,0,0,0,,0,0,,,,,,,,,58.23,85.69,,
3616-1,Explore,Being Me,2002,On the Move Police Station,3,14,24.99,20,,,,,,,,,,0,0,0,,0,0,,,,,,,,,47.14,25,,
3617-1,Explore,Being Me,2002,On the Move Hospital,3,16,24.99,20,,,,,,,,,,0,0,0,,0,0,,,,,,,,,59.2,,,
3618-1,Explore,Logic,2002,Family Farm,3,53,59.99,50,,,,,,,,,,0,0,0,,0,0,,,,,,,,,78.66,48.3,,
3619-1,Explore,Together,2002,Traffic Town,7,75,59.99,50,,,,,,,,,,0,0,0,,0,0,,,,,,,,,84.37,59.73,,
3620-1,Explore,Together,2002,Playhouse,4,82,49.99,50,,,,,,,,,,0,0,0,,0,0,,,,,,,,,94.93,86.14,,
3621-1,Explore,Logic,2002,Polar Animals,2,29,29.99,25,,,,,,,,,,0,0,0,,0,0,,,,,,,,,75,70.06,,
3650-1,Explore,Being Me,2002,Stack 'n' Learn First Rollabout,1,6,4.99,5,,,,,,,,,,0,0,0,,0,0,,,,,,,,,,,,
3651-1,Explore,Being Me,2002,Stack 'n' Learn Friends,2,10,9.99,10,,,,,,,,,,0,0,0,,0,0,,,,,,,,,,,,
3652-1,Explore,Being Me,2002,Lady Bird Collection,,17,14.99,15,,,,,,,,,,0,0,0,,0,0,,,,,,,,,,,,
3806-1,Spybotics,,2002,Gigamesh G60,,244,59.99,60,,,,,,,,,,0,0,0,,0,0,,,,,,,,,85,70,,
3807-1,Spybotics,,2002,Snaptrax S45,,202,59.99,60,,,,,,,,,,0,0,0,,0,0,,,,,,,,,127.5,78.17,,
3808-1,Spybotics,,2002,Shadowstrike S70,,235,59.99,60,,,,,,,,,,0,0,0,,0,0,,,,,,,,,119,47.59,,
3809-1,Spybotics,,2002,Technojaw T55,,260,59.99,60,,,,,,,,,,0,0,0,,0,0,,,,,,,,,127.5,74.43,,
3928-1,Promotional,Minifigure,2002,Sandy Moondust Astrobot Minifigure,1,5,5,,,,,,,,,,,0,0,0,,0,0,,,,,,,,,50.39,,,
3929-1,Promotional,Minifigure,2002,Biff Starling Astrobot Minifigure,1,5,5,0,,,,,,,,,,0,0,0,,0,0,,,,,,,,,54.41,,,
4040-1,Galidor,,2002,Nick,,3,3,,,,,,,,,,,0,0,0,,0,0,,,,,,,,,4,2.38,,
4042-1,Galidor,,2002,Jens,,4,4,,,,,,,,,,,0,0,0,,0,0,,,,,,,,,3.98,2.49,,
4043-1,Galidor,,2002,Gorm,,4,5,,,,,,,,,,,0,0,0,,0,0,,,,,,,,,4,2.14,,
4044-1,Galidor,,2002,Euripides,,3,3,,,,,,,,,,,0,0,0,,0,0,,,,,,,,,3.5,4,,
4045-1,Galidor,,2002,Nepol,,3,3,,,,,,,,,,,0,0,0,,0,0,,,,,,,,,3,2.24,,
4080-1,Explore,Imagination,2002,Brick Bucket Small,,45,9.99,,,,5.70201E+12,6.73419E+11,22.7,21.3,22.7,0.62,,0,0,0,,0,0,,,,,,,,,,,,
4081-1,Explore,Imagination,2002,Brick Bucket Small,,45,9.99,,,,,,,,,,,0,0,0,,0,0,,,,,,,,,,,,
4082-1,Explore,Imagination,2002,Brick Bucket Small,,45,9.99,,,,,,,,,,,0,0,0,,0,0,,,,,,,,,,,,
4083-1,Explore,Imagination,2002,Brick Bucket Small,,45,5.99,,,,,,,,,,,0,0,0,,0,0,,,,,,,,,,,,
4084-1,Explore,Imagination,2002,Brick Bucket Small,,45,5.99,5,,,,6.73419E+11,,,,,,0,0,0,,0,0,,,,,,,,,11.05,,,
4085-1,Explore,Imagination,2002,Brick Bucket Large,,90,14.99,10,,,,,,,,,,0,0,0,,0,0,,,,,,,,,,,,
4087-1,Explore,Imagination,2002,"Basic Flexible Bucket, Large",,90,9.99,,,,,,,,,,,0,0,0,,0,0,,,,,,,,,,,,
4088-1,Explore,Imagination,2002,Clown Bucket,,90,9.99,,,,,,,,,,,0,0,0,,0,0,,,,,,,,,,,,
4089-1,Explore,Imagination,2002,Orange Bucket XL,,90,9.99,,,,,,,,,,,0,0,0,,0,0,,,,,,,,,,31.55,,
4104-1,Creator,Bucket,2002,Creator Bucket,,200,5.99,,,,5.70201E+12,,,,,,,0,0,0,,0,0,,,,,,,,,,7,,
4105-1,Creator,Bucket,2002,Creator Bucket,,500,9.99,10,,,,,,,,,,0,0,0,,0,0,,,,,,,,,,15,,
4106-1,Creator,Bucket,2002,Creator Bucket,,500,9.99,10,,,5.70201E+12,,,,,,,0,0,0,,0,0,,,,,,,,,,16.14,,
4107-1,Creator,Bucket,2002,Build Your Dreams,,1000,29.99,20,,,5.70201E+12,,,,,,,0,0,0,,0,0,,,,,,,,,,33.99,,
4108-1,Town,Accessories,2002,"Road Plates, Junction",,2,4.99,7,,,5.70201E+12,,,,,,,0,0,0,,0,0,,,,,,,,,30,,,
4109-1,Town,Accessories,2002,"Road Plates, Curved",,2,4.99,6.99,,,5.70201E+12,6.73419E+11,25.5,25.5,0.7,0.21,,0,0,0,,0,0,,,,,,,,,25,14,,
4110-1,Town,Accessories,2002,"Road Plates, Straight",,2,4.99,7,,,5.70201E+12,6.73419E+11,25.5,25.5,0.7,0.21,,0,0,0,,0,0,,,,,,,,,25,20.61,,
4111-1,Town,Accessories,2002,"Road Plates, Cross",,2,4.99,7,,,5.70201E+12,,,,,,,0,0,0,,0,0,,,,,,,,,25.07,32.64,,
4179-1,Creator,,2002,Creator Box Set,,500,,,,,5.70201E+12,,,,,,,0,0,0,,0,0,,,,,,,,,44.22,26.7,,
4180-1,Explore,Imagination,2002,Animals,,90,,,,,,,,,,,,0,0,0,,0,0,,,,,,,,,,,,
4294-1,Basic,,2002,Helicopter,,16,,,,,,,,,,,,0,0,0,,0,0,,,,,,,,,9.32,,,
4297-1,Racers,Drome Racers,2002,Lightning Streak ,1,20,,,,,,,,,,,,0,0,0,,0,0,,,,,,,,,5.72,3.55,,
4298-1,Racers,Drome Racers,2002,Blue Power ,1,24,,,,,,,,,,,,0,0,0,,0,0,,,,,,,,,8,4,,
4299-1,Racers,Drome Racers,2002,Nesquik Bunny Racer,1,18,,,,,,,,,,,,0,0,0,,0,0,,,,,,,,,39.89,27.87,,
4340-1,Explore,Imagination,2002,Story Builder Starter Set - Jungle Jam,,10,39.99,50,,,,,,,,,,0,0,0,,0,0,,,,,,,,,37.82,,,
4341-1,Explore,Imagination,2002,Story Builder - Farmyard Fun,,9,12.99,10,,,,,,,,,,0,0,0,,0,0,,,,,,,,,4.99,3.75,,
4342-1,Explore,Imagination,2002,Storybuilder - Crazy Castle,,9,12.99,10,,,,,,,,,,0,0,0,,0,0,,,,,,,,,6.99,3.97,,
4343-1,Explore,Imagination,2002,Storybuilder - Pink Palace Magic,,9,9.99,10,,,,,,,,,,0,0,0,,0,0,,,,,,,,,,,,
4344-1,Explore,Imagination,2002,Storybuilder - Meet the Dinosaurs,,9,12.99,10,,,,,,,,,,0,0,0,,0,0,,,,,,,,,4.99,5.08,,
4345-1,Explore,Imagination,2002,Storybuilder - Happy Home,,9,9.99,10,,,,,,,,,,0,0,0,,0,0,,,,,,,,,11.82,,,
4443-1,Sports,Football,2002,Defender 1,1,4,,,,,,,,,,,,0,0,0,,0,0,,,,,,,,,10.27,5.99,,
4444-1,Sports,Football,2002,Defender 2,1,4,,,,,,,,,,,,0,0,0,,0,0,,,,,,,,,11.69,,,
4445-1,Sports,Football,2002,Mid Fielder 1,1,4,,,,,,,,,,,,0,0,0,,0,0,,,,,,,,,7,,,
4446-1,Sports,Football,2002,Forward 1,1,4,,,,,,,,,,,,0,0,0,,0,0,,,,,,,,,7,5,,
4447-1,Sports,Football,2002,Forward 2,1,4,,,,,,,,,,,,0,0,0,,0,0,,,,,,,,,8.84,6.99,,
4448-1,Sports,Football,2002,Defender 3,1,4,,,,,,,,,,,,0,0,0,,0,0,,,,,,,,,6,,,
4449-1,Sports,Football,2002,Defender 4,1,4,,,,,,,,,,,,0,0,0,,0,0,,,,,,,,,7.84,,,
4450-1,Sports,Football,2002,Mid Fielder 2,1,4,,,,,,,,,,,,0,0,0,,0,0,,,,,,,,,6,,,
4451-1,Sports,Football,2002,Forward 3,1,4,,,,,,,,,,,,0,0,0,,0,0,,,,,,,,,5.75,,,
4452-1,Sports,Football,2002,Forward 4,1,4,,,,,,,,,,,,0,0,0,,0,0,,,,,,,,,6,5,,
4453-1,Sports,Football,2002,Goal Keeper,1,4,,,,,,,,,,,,0,0,0,,0,0,,,,,,,,,8,8.99,,
4454-1,Sports,Football,2002,Referee,1,6,,,,,,,,,,,,0,0,0,,0,0,,,,,,,,,20.91,18.72,,
4455-1,Sports,Football,2002,Hotdog Girl,1,6,,,,,,,,,,,,0,0,0,,0,0,,,,,,,,,4.8,4.68,,
4456-1,Sports,Football,2002,Doctor,1,5,,,,,,,,,,,,0,0,0,,0,0,,,,,,,,,6.7,6.99,,
4457-1,Sports,Football,2002,TV Cameraman,1,4,,,,,,,,,,,,0,0,0,,0,0,,,,,,,,,4.92,5.25,,
4458-1,Sports,Football,2002,TV Camera,,11,,,,,,,,,,,,0,0,0,,0,0,,,,,,,,,2.81,,,
4459-1,Sports,Football,2002,PK Kicker,,4,,,,,,,,,,,,0,0,0,,0,0,,,,,,,,,2.33,,,
4460-1,Sports,Football,2002,Goal,,7,,,,,,,,,,,,0,0,0,,0,0,,,,,,,,,1.62,1,,
4461-1,Sports,Football,2002,Bench,,7,,,,,,,,,,,,0,0,0,,0,0,,,,,,,,,1.48,2,,
4462-1,Sports,Football,2002,Hotdog Trolley,,19,,,,,,,,,,,,0,0,0,,0,0,,,,,,,,,5.58,,,
4463-1,Sports,Football,2002,Light,,16,,,,,,,,,,,,0,0,0,,0,0,,,,,,,,,2.75,,,
4464-1,Sports,Football,2002,Bottle Case,,8,,,,,,,,,,,,0,0,0,,0,0,,,,,,,,,13.36,,,
4465-1,Sports,Football,2002,Vending Machine,,7,,,,,,,,,,,,0,0,0,,0,0,,,,,,,,,12.17,9.41,,
4466-1,Sports,Football,2002,Sign Board,,4,,,,,,,,,,,,0,0,0,,0,0,,,,,,,,,6.18,3.23,,
4467-1,Sports,Football,2002,Stretcher,,3,,,,,,,,,,,,0,0,0,,0,0,,,,,,,,,1.27,,,
4468-1,Sports,Football,2002,Stand,,9,,,,,,,,,,,,0,0,0,,0,0,,,,,,,,,6.18,,,
4469-1,Sports,Football,2002,Drinks' Stand,,9,,,,,,,,,,,,0,0,0,,0,0,,,,,,,,,6.18,8.5,,
4470-1,Sports,Football,2002,Ball,,2,,,,,,,,,,,,0,0,0,,0,0,,,,,,,,,3.64,,,
4471-1,Sports,Football,2002,Secret Set A,1,4,,,,,,,,,,,,0,0,0,,0,0,,,,,,,,,81.93,,,
4472-1,Sports,Football,2002,Secret Set B,1,4,,,,,,,,,,,,0,0,0,,0,0,,,,,,,,,55,,,
4524-1,Creator,Seasonal,2002,Holiday Calendar,,231,,15,,,,,,,,,,0,0,0,,0,0,,,,,,,,,50,22.55,,
4612-1,Jack Stone,,2002,Super Glider,1,7,1.99,4,,,,,,,,,,0,0,0,,0,0,,,,,,,,,4.46,5.4,,
4613-1,Jack Stone,,2002,Turbo Chopper,1,13,1.99,4,,,,,,,,,,0,0,0,,0,0,,,,,,,,,3.17,1.56,,
4614-1,Jack Stone,,2002,Ultralight Flyer,1,12,1.99,4,,,,,,,,,,0,0,0,,0,0,,,,,,,,,11.87,3.17,,
4615-1,Jack Stone,,2002,Red Recon Flyer,1,20,2.99,4,,,,,,,,,,0,0,0,,0,0,,,,,,,,,6.94,2.71,,
4616-1,Jack Stone,,2002,Rapid Response Tanker,1,34,5.99,7,,,,,,,,,,0,0,0,,0,0,,,,,,,,,11.26,4.24,,
4617-1,Jack Stone,,2002,Dual Turbo Prop,2,28,9.99,10,,,,,,,,,,0,0,0,,0,0,,,,,,,,,7,10,,
4618-1,Jack Stone,,2002,Twin Rotor Cargo,2,41,14.99,20,,,,,,,,,,0,0,0,,0,0,,,,,,,,,67.48,7.76,,
4619-1,Jack Stone,,2002,AIR Patrol Jet,2,63,24.99,30,,,,,,,,,,0,0,0,,0,0,,,,,,,,,42.11,14.99,,
4620-1,Jack Stone,,2002,AIR Operations HQ,5,165,54.99,70,,,5.70201E+12,,,,,,,0,0,0,,0,0,,,,,,,,,65,24,,
4621-1,Jack Stone,,2002,Red Flash Station,2,32,9.99,10,,,5.70201E+12,,,,,,,0,0,0,,0,0,,,,,,,,,16.61,9.99,,
4622-1,Jack Stone,,2002,ResQ Digger,2,65,14.99,20,,,,,,,,,,0,0,0,,0,0,,,,,,,,,,20,,
4789-1,Alpha Team,Mission Deep Sea,2002,Alpha Team Aquatic Mech,1,162,14.99,,,,,,,,,,,0,0,0,,0,0,,,,,,,,,64.27,39.28,,
4797-1,Alpha Team,Mission Deep Sea,2002,Ogel Mutant Killer Whale,1,57,7.99,10,,,,6.73419E+11,,,,,,0,0,0,,0,0,,,,,,,,,42.09,13.9,,
4799-1,Alpha Team,Mission Deep Sea,2002,Ogel Drone Octopus,1,17,1.99,3,,,,,,,,,,0,0,0,,0,0,,,,,,,,,16.53,9.31,,
5434-1,Explore,Being Me,2002,LEGO Baby Stack 'n' Learn,2,36,17.99,20,,,,,,,,,,0,0,0,,0,0,,,,,,,,,,,,
5836-1,Belville,,2002,Beautiful Baby Princess,1,23,3.99,4,,,,,,,,,,0,0,0,,0,0,,,,,,,,,50,13.86,,
5837-1,Belville,,2002,Flora's Bubbling Bath,1,31,6.99,7,,,,,,,,,,0,0,0,,0,0,,,,,,,,,,33.49,,
5838-1,Belville,,2002,The Wicked Madam Frost,1,38,9.99,10,,,,,,,,,,0,0,0,,0,0,,,,,,,,,75,32.76,,
5842-1,Belville,,2002,Vanilla's Frosty Sleighride,1,36,14.99,17,,,,,,,,,,0,0,0,,0,0,,,,,,,,,35.63,25.36,,
5843-1,Belville,,2002,Queen Rose and the Little Prince Charming,2,71,24.99,27,,,,,,,,,,0,0,0,,0,0,,,,,,,,,120,35.4,,
5923-1,Miscellaneous,Photo frames,2002,Western Picture Frame,2,138,,,,,,,,,,,,0,0,0,,0,0,,,,,,,,,,,,
5924-1,Miscellaneous,Photo frames,2002,Castle Picture Frame,1,105,,,,,,,,,,,,0,0,0,,0,0,,,,,,,,,,,,
5927-1,Miscellaneous,Photo frames,2002,Racers Picture Frame,,136,,,,,,,,,,,,0,0,0,,0,0,,,,,,,,,,,,
5991-1,Explore,,2002,Boy on Snowscooter,,2,,,,,,,,,,,,0,0,0,,0,0,,,,,,,,,,,,
5993-1,Explore,,2002,Truck,,3,,,,,,,,,,,,0,0,0,,0,0,,,,,,,,,0.92,,,
7825-1,Creator,Bucket,2002,Creator Bucket,,500,9.99,,,,,,,,,,,0,0,0,,0,0,,,,,,,,,,27.4,,
7830-1,Creator,Bucket,2002,Creator Bucket,,200,7.99,,,,5.70201E+12,,,,,,,0,0,0,,0,0,,,,,,,,,19.88,,,
7831-1,Creator,Bucket,2002,Make-Believe Bucket,,200,9.99,5,,,5.70201E+12,,,,,,,0,0,0,,0,0,,,,,,,,,,9.71,,
7832-1,Creator,Bucket,2002,Small Blue Creator Bucket,,200,7.99,,,,,,,,,,,0,0,0,,0,0,,,,,,,,,,,,
7837-1,Creator,Bucket,2002,Build and Create Bucket,,600,,15,,,,,,,,,,0,0,0,,0,0,,,,,,,,,,,,
8310-1,Galidor,,2002,Nick Bluetooth,,12,7.99,10,,,,,,,,,,0,0,0,,0,0,,,,,,,,,32.92,20,,
8311-1,Galidor,,2002,Gorm,,12,7.99,10,,,,,,,,,,0,0,0,,0,0,,,,,,,,,16.65,15,,
8312-1,Galidor,,2002,Jens,,13,7.99,10,,,,,,,,,,0,0,0,,0,0,,,,,,,,,28.58,16.67,,
8313-1,Galidor,,2002,Nick Bluetooth Deluxe,,15,9.99,15,,,,,,,,,,0,0,0,,0,0,,,,,,,,,35.53,9,,
8314-1,Galidor,,2002,Gorm Deluxe,,14,9.99,15,,,,,,,,,,0,0,0,,0,0,,,,,,,,,22.57,13,,
8315-1,Galidor,,2002,TDN Module,,9,24.99,40,,,,,,,,,,0,0,0,,0,0,,,,,,,,,30,35,,
8316-1,Galidor,,2002,Kek Powerizer,,9,39.99,60,,,,,,,,,,0,0,0,,0,0,,,,,,,,,46.5,55,,
8317-1,Galidor,,2002,Allegra,,10,7.99,10,,,,,,,,,,0,0,0,,0,0,,,,,,,,,43.78,21.33,,
8318-1,Galidor,,2002,Ooni,,29,14.99,20,,,,,,,,,,0,0,0,,0,0,,,,,,,,,35.37,27.28,,
8319-1,Galidor,,2002,Aquart,,11,,,,,,,,,,,,0,0,0,,0,0,,,,,,,,,73.72,173.74,,
8320-1,Galidor,,2002,Nepol Basic Figure,,10,7.99,10,,,,,,,,,,0,0,0,,0,0,,,,,,,,,15,11,,
8321-1,Galidor,,2002,Nepol and Shimmel,,27,14.99,20,,,,,,,,,,0,0,0,,0,0,,,,,,,,,44.84,30,,
8324-1,Galidor,,2002,Euripides,,10,7.99,10,,,,,,,,,,0,0,0,,0,0,,,,,,,,,29.47,12.61,,
8325-1,Galidor,,2002,Tager,,18,,,,,,,,,,,,0,0,0,,0,0,,,,,,,,,425.84,177.16,,
8559-1,Bionicle,Accessories,2002,Krana,,5,1.49,,,,,,,,,,,0,0,0,,0,0,,,,,,,,,55.6,23.52,,
8569-1,Bionicle,Accessories,2002,Krana,,5,,2,,,,6.73419E+11,,,,,,0,0,0,,0,0,,,,,,,,,20,,,
8597-1,Bionicle,Accessories,2002,Krana Nuva,,2,,,,,,,,,,,,0,0,0,,0,0,,,,,,,,,32.67,,,
8598-1,Bionicle,Accessories,2002,Kanohi Nuva and Krana Pack,,5,,2,,,,6.73419E+11,,,,,,0,0,0,,0,0,,,,,,,,,92.52,,,
9130-1,Education,Duplo,2002,Around-the-House Set,7,125,95.87,91,,,,,,,,,,0,0,0,,0,0,,,,,,,,,,,,
9131-1,Education,Duplo,2002,LEGO Theatre,11,98,,,,,,,,,,,,0,0,0,,0,0,,,,,,,,,149.99,,,
9134-1,Education,Duplo,2002,Life-on-the-Farm Set,4,105,95.87,97,,,,,,,,,,0,0,0,,0,0,,,,,,,,,,,,
9210-1,Education,Explore,2002,Wild Animals Set,,57,74.37,72,,,,,,,,,,0,0,0,,0,0,,,,,,,,,,,,
9649-1,Education,,2002,Technology Resource Set,,1110,56.51,55,,,,,,,,,,0,0,0,,0,0,,,,,,,,,224.45,,,
9650-1,Education,,2002,Scenery Resource Set,16,679,56.51,55,,,,,,,,,,0,0,0,,0,0,,,,,,,,,,,,
9684-1,Education,,2002,Renewable Energy Set,4,729,170.65,170,,,,,,,,,,0,0,0,,0,0,,,,,,,,,79.92,185,,
9789-2,Education,FIRST LEGO League Challenge,2002,City Sights Challenge Kit,,1020,,,,,,,,,,,,0,0,0,,0,0,,,,,,,,,,,,
10044-1,Bulk Bricks,,2002,Windows and Doors,,44,,7.99,,,,,,,,,,0,0,0,,0,0,,,,,,,,,12.29,,,
10045-1,Bulk Bricks,,2002,Bridge Elements,,13,,13,,,,,,,,,,0,0,0,,0,0,,,,,,,,,37.79,14,,
10046-1,Bulk Bricks,,2002,Brown Tiles,,100,,7,,,,,,,,,,0,0,0,,0,0,,,,,,,,,22,19.22,,
10047-1,Bulk Bricks,,2002,Arch,,36,,5.99,,,,,,,,,,0,0,0,,0,0,,,,,,,,,7.95,4.95,,
10048-1,Bulk Bricks,,2002,Small Wheels and Axles,,61,,8,,,,,,,,,,0,0,0,,0,0,,,,,,,,,8,,,
10049-1,Bulk Bricks,,2002,Large Wheels and Axles,,31,,6,,,,,,,,,,0,0,0,,0,0,,,,,,,,,8.25,,,
10050-1,Bulk Bricks,,2002,Grey Fences,,34,,6,,,,,,,,,,0,0,0,,0,0,,,,,,,,,18.4,,,
10051-1,Bulk Bricks,,2002,Small Windows,,50,,7,,,,,,,,,,0,0,0,,0,0,,,,,,,,,10.55,17.95,,
10052-1,Explore,,2002,Intelligent Locomotive,2,6,,55,,,,,,,,,,0,0,0,,0,0,,,,,,,,,,,,
10053-1,Bulk Bricks,,2002,Black Roof Tiles,,44,,6,,,,,,,,,,0,0,0,,0,0,,,,,,,,,13.32,,,
10054-1,Bulk Bricks,,2002,Black Roof Tiles,,68,,5.99,,,,,,,,,,0,0,0,,0,0,,,,,,,,,10.91,,,
10055-1,Bulk Bricks,,2002,Black Roof Tiles,,50,,5.99,,,,,,,,,,0,0,0,,0,0,,,,,,,,,6.95,,,
10056-1,Bulk Bricks,,2002,White Plates,,56,,5,,,,,,,,,,0,0,0,,0,0,,,,,,,,,18.34,,,
10057-1,Bulk Bricks,,2002,Black Plates,,56,,5,,,,,,,,,,0,0,0,,0,0,,,,,,,,,13.47,12,,
10058-1,Bulk Bricks,,2002,Red Plates,,56,,5,,,,,,,,,,0,0,0,,0,0,,,,,,,,,5.23,,,
10059-1,Bulk Bricks,,2002,Dark Green Plates,,56,,5,,,,,,,,,,0,0,0,,0,0,,,,,,,,,15.7,,,
10060-1,Bulk Bricks,,2002,Grey Plates,,56,,5,,,,,,,,,,0,0,0,,0,0,,,,,,,,,13.96,,,
10061-1,Bulk Bricks,,2002,Black Plates,,84,,5,,,,,,,,,,0,0,0,,0,0,,,,,,,,,15.7,12,,
10062-1,Bulk Bricks,,2002,Red Plates,,84,,4.99,,,,,,,,,,0,0,0,,0,0,,,,,,,,,7,,,
10063-1,Bulk Bricks,,2002,Dark Green Plates,,84,,5,,,,,,,,,,0,0,0,,0,0,,,,,,,,,8,,,
10064-1,Bulk Bricks,,2002,Grey Plates,,84,,5,,,,,,,,,,0,0,0,,0,0,,,,,,,,,12,,,
10065-1,Bulk Bricks,,2002,White Plates,,84,,5,,,,,,,,,,0,0,0,,0,0,,,,,,,,,16.81,,,
10066-1,Bulk Bricks,Castle,2002,Castle Accessories,1,37,,5,,,,,,,,,,0,0,0,,0,0,,,,,,,,,55.6,14.78,,
10067-1,Bulk Bricks,,2002,Mini-Fig Headgear,,53,,5,,,,,,,,,,0,0,0,,0,0,,,,,,,,,17.1,,,
10069-1,Seasonal,Christmas,2002,Tree,,33,,2.5,,,,,,,,,,0,0,0,,0,0,,,,,,,,,8.38,4,,
10070-1,Seasonal,Christmas,2002,Reindeer,,26,1.99,2.5,,,,,,,,,,0,0,0,,0,0,,,,,,,,,6.51,4,,
10076-1,Bulk Bricks,Technic,2002,Technic Gear Wheels,,39,8.99,12.99,,,,6.73419E+11,,,,,,0,0,0,,0,0,,,,,,,,,49.16,22.24,,
10166-1,Seasonal,Christmas,2002,Elf Girl,,31,1.98,2.5,,,,,,,,,,0,0,0,,0,0,,,,,,,,,10.25,3.25,,
65062-1,Racers,Product Collection,2002,Racers Turbo Pack,,86,,10,,,,,,,,,,0,0,0,,0,0,,,,,,,,,25.41,,,
65071-1,Bionicle,Product Collection,2002,Bionicle Dual Pack: Lehvak & Pahrak,,82,9.99,,,,,,,,,,,0,0,0,,0,0,,,,,,,,,72.55,,,
65081-1,Star Wars,Product Collection,2002,R2-D2 / C-3PO Droid Collectors Set,,581,,40,,,,,,,,,,0,0,0,,0,0,,,,,,,,,200,90,,
65092-1,Studios,Product Collection,2002,Bonus/Value Pack,,306,,,,,,,,,,,,0,0,0,,0,0,,,,,,,,,,,,
65118-1,Alpha Team,Product Collection,2002,Alpha Team Secret Mission Collector's Pack,,241,,35,,,,,,,,,,0,0,0,,0,0,,,,,,,,,85.39,,,
65145-1,Star Wars,Product Collection,2002,X-wing Fighter / TIE Fighter & Y-wing Collectors Set,,677,,,,,,,,,,,,0,0,0,,0,0,,,,,,,,,422.56,,,
65153-1,Star Wars,Product Collection,2002,Jango Fett's Slave I with Bonus Cargo Case,,369,,50,,,,,,,,,,0,0,0,,0,0,,,,,,,,,2075.3,550,,
65536-1,Trains,Product Collection,2002,Bonus/Value Pack,,951,,,,,,,,,,,,0,0,0,,0,0,,,,,,,,,,,,
4173427-1,Duplo,,2002,LEGOLAND Germany Yellow Bucket,,50,,,,,,,,,,,,0,0,0,,0,0,,,,,,,,,,,,
4186875-1,Trains,9V,2002,Platform and Mini-Figures,5,47,,,,,,,,,,,,0,0,0,,0,0,,,,,,,,,303.16,19.99,,
4186876-1,Trains,9V,2002,Blue Passenger Wagon,,192,,,,,,,,,,,,0,0,0,,0,0,,,,,,,,,200,177.42,,
4189224-1,Promotional,LEGOLAND,2002,Green Dragon,,47,,,,,5.70201E+12,,,,,,,0,0,0,,0,0,,,,,,,,,89.88,33.84,,
HPG01-1,Harry Potter,Promotional,2002,Harry Potter Minifigure Collection Gallery 1,4,20,,,,,,,,,,,,0,0,0,,0,0,,,,,,,,,36.87,,,
HPG02-1,Harry Potter,Promotional,2002,Harry Potter Minifigure Collection Gallery 2,4,17,,,,,,,,,,,,0,0,0,,0,0,,,,,,,,,127.59,,,
HPG03-1,Harry Potter,Promotional,2002,Harry Potter Minifigure Collection Gallery 3,4,23,,,,,,,,,,,,0,0,0,,0,0,,,,,,,,,200,,,
HPG04-1,Harry Potter,Promotional,2002,Harry Potter Minifigure Collection Gallery 4,5,23,,,,,,,,,,,,0,0,0,,0,0,,,,,,,,,127.59,,,
KCCHP-1,Harry Potter,Promotional,2002,Harry Potter Coca Cola Gift Set,,540,,,,,,,,,,,,0,0,0,,0,0,,,,,,,,,350,,,
LLBUS-1,Promotional,LEGOLAND,2002,Bus,,45,,,,,,,,,,,,0,0,0,,0,0,,,,,,,,,,30.79,,
LLCA28-1,Promotional,LEGOLAND,2002,Polly And Paco Parrots ,,46,,,,,,,,,,,,0,0,0,,0,0,,,,,,,,,,,,
LLOLLI-1,Promotional,LEGOLAND,2002,Olli the Dragon with LEGOLAND sign,,48,,,,,,,,,,,,0,0,0,,0,0,,,,,,,,,,,,
TRU01-1,Harry Potter,Promotional,2002,Quidditch Tower (TRU Event Exclusive),,38,,,,,,,,,,,,0,0,0,,0,0,,,,,,,,,,23.69,,
USFLAG-1,Promotional,LEGOLAND,2002,American Flag,,63,,,,,,,,,,,,0,0,0,,0,0,,,,,,,,,,,,
